    PHI	= 0,
    INLINEASM	= 1,
    INLINEASM_BR	= 2,
    CFI_INSTRUCTION	= 3,
    EH_LABEL	= 4,
    GC_LABEL	= 5,
    ANNOTATION_LABEL	= 6,
    KILL	= 7,
    EXTRACT_SUBREG	= 8,
    INSERT_SUBREG	= 9,
    IMPLICIT_DEF	= 10,
    SUBREG_TO_REG	= 11,
    COPY_TO_REGCLASS	= 12,
    DBG_VALUE	= 13,
    DBG_LABEL	= 14,
    REG_SEQUENCE	= 15,
    COPY	= 16,
    BUNDLE	= 17,
    LIFETIME_START	= 18,
    LIFETIME_END	= 19,
    STACKMAP	= 20,
    FENTRY_CALL	= 21,
    PATCHPOINT	= 22,
    LOAD_STACK_GUARD	= 23,
    STATEPOINT	= 24,
    LOCAL_ESCAPE	= 25,
    FAULTING_OP	= 26,
    PATCHABLE_OP	= 27,
    PATCHABLE_FUNCTION_ENTER	= 28,
    PATCHABLE_RET	= 29,
    PATCHABLE_FUNCTION_EXIT	= 30,
    PATCHABLE_TAIL_CALL	= 31,
    PATCHABLE_EVENT_CALL	= 32,
    PATCHABLE_TYPED_EVENT_CALL	= 33,
    ICALL_BRANCH_FUNNEL	= 34,
    G_ADD	= 35,
    G_SUB	= 36,
    G_MUL	= 37,
    G_SDIV	= 38,
    G_UDIV	= 39,
    G_SREM	= 40,
    G_UREM	= 41,
    G_AND	= 42,
    G_OR	= 43,
    G_XOR	= 44,
    G_IMPLICIT_DEF	= 45,
    G_PHI	= 46,
    G_FRAME_INDEX	= 47,
    G_GLOBAL_VALUE	= 48,
    G_EXTRACT	= 49,
    G_UNMERGE_VALUES	= 50,
    G_INSERT	= 51,
    G_MERGE_VALUES	= 52,
    G_BUILD_VECTOR	= 53,
    G_BUILD_VECTOR_TRUNC	= 54,
    G_CONCAT_VECTORS	= 55,
    G_PTRTOINT	= 56,
    G_INTTOPTR	= 57,
    G_BITCAST	= 58,
    G_INTRINSIC_TRUNC	= 59,
    G_INTRINSIC_ROUND	= 60,
    G_READCYCLECOUNTER	= 61,
    G_LOAD	= 62,
    G_SEXTLOAD	= 63,
    G_ZEXTLOAD	= 64,
    G_INDEXED_LOAD	= 65,
    G_INDEXED_SEXTLOAD	= 66,
    G_INDEXED_ZEXTLOAD	= 67,
    G_STORE	= 68,
    G_INDEXED_STORE	= 69,
    G_ATOMIC_CMPXCHG_WITH_SUCCESS	= 70,
    G_ATOMIC_CMPXCHG	= 71,
    G_ATOMICRMW_XCHG	= 72,
    G_ATOMICRMW_ADD	= 73,
    G_ATOMICRMW_SUB	= 74,
    G_ATOMICRMW_AND	= 75,
    G_ATOMICRMW_NAND	= 76,
    G_ATOMICRMW_OR	= 77,
    G_ATOMICRMW_XOR	= 78,
    G_ATOMICRMW_MAX	= 79,
    G_ATOMICRMW_MIN	= 80,
    G_ATOMICRMW_UMAX	= 81,
    G_ATOMICRMW_UMIN	= 82,
    G_ATOMICRMW_FADD	= 83,
    G_ATOMICRMW_FSUB	= 84,
    G_FENCE	= 85,
    G_BRCOND	= 86,
    G_BRINDIRECT	= 87,
    G_INTRINSIC	= 88,
    G_INTRINSIC_W_SIDE_EFFECTS	= 89,
    G_ANYEXT	= 90,
    G_TRUNC	= 91,
    G_CONSTANT	= 92,
    G_FCONSTANT	= 93,
    G_VASTART	= 94,
    G_VAARG	= 95,
    G_SEXT	= 96,
    G_SEXT_INREG	= 97,
    G_ZEXT	= 98,
    G_SHL	= 99,
    G_LSHR	= 100,
    G_ASHR	= 101,
    G_ICMP	= 102,
    G_FCMP	= 103,
    G_SELECT	= 104,
    G_UADDO	= 105,
    G_UADDE	= 106,
    G_USUBO	= 107,
    G_USUBE	= 108,
    G_SADDO	= 109,
    G_SADDE	= 110,
    G_SSUBO	= 111,
    G_SSUBE	= 112,
    G_UMULO	= 113,
    G_SMULO	= 114,
    G_UMULH	= 115,
    G_SMULH	= 116,
    G_FADD	= 117,
    G_FSUB	= 118,
    G_FMUL	= 119,
    G_FMA	= 120,
    G_FMAD	= 121,
    G_FDIV	= 122,
    G_FREM	= 123,
    G_FPOW	= 124,
    G_FEXP	= 125,
    G_FEXP2	= 126,
    G_FLOG	= 127,
    G_FLOG2	= 128,
    G_FLOG10	= 129,
    G_FNEG	= 130,
    G_FPEXT	= 131,
    G_FPTRUNC	= 132,
    G_FPTOSI	= 133,
    G_FPTOUI	= 134,
    G_SITOFP	= 135,
    G_UITOFP	= 136,
    G_FABS	= 137,
    G_FCOPYSIGN	= 138,
    G_FCANONICALIZE	= 139,
    G_FMINNUM	= 140,
    G_FMAXNUM	= 141,
    G_FMINNUM_IEEE	= 142,
    G_FMAXNUM_IEEE	= 143,
    G_FMINIMUM	= 144,
    G_FMAXIMUM	= 145,
    G_PTR_ADD	= 146,
    G_PTR_MASK	= 147,
    G_SMIN	= 148,
    G_SMAX	= 149,
    G_UMIN	= 150,
    G_UMAX	= 151,
    G_BR	= 152,
    G_BRJT	= 153,
    G_INSERT_VECTOR_ELT	= 154,
    G_EXTRACT_VECTOR_ELT	= 155,
    G_SHUFFLE_VECTOR	= 156,
    G_CTTZ	= 157,
    G_CTTZ_ZERO_UNDEF	= 158,
    G_CTLZ	= 159,
    G_CTLZ_ZERO_UNDEF	= 160,
    G_CTPOP	= 161,
    G_BSWAP	= 162,
    G_BITREVERSE	= 163,
    G_FCEIL	= 164,
    G_FCOS	= 165,
    G_FSIN	= 166,
    G_FSQRT	= 167,
    G_FFLOOR	= 168,
    G_FRINT	= 169,
    G_FNEARBYINT	= 170,
    G_ADDRSPACE_CAST	= 171,
    G_BLOCK_ADDR	= 172,
    G_JUMP_TABLE	= 173,
    G_DYN_STACKALLOC	= 174,
    G_READ_REGISTER	= 175,
    G_WRITE_REGISTER	= 176,
    ADJCALLSTACKDOWN	= 177,
    ADJCALLSTACKUP	= 178,
    BuildPairF64Pseudo	= 179,
    PseudoAddTPRel	= 180,
    PseudoAtomicLoadNand32	= 181,
    PseudoAtomicLoadNand64	= 182,
    PseudoBR	= 183,
    PseudoBRIND	= 184,
    PseudoCALL	= 185,
    PseudoCALLIndirect	= 186,
    PseudoCALLReg	= 187,
    PseudoCmpXchg32	= 188,
    PseudoCmpXchg64	= 189,
    PseudoFLD	= 190,
    PseudoFLW	= 191,
    PseudoFSD	= 192,
    PseudoFSW	= 193,
    PseudoLA	= 194,
    PseudoLA_TLS_GD	= 195,
    PseudoLA_TLS_IE	= 196,
    PseudoLB	= 197,
    PseudoLBU	= 198,
    PseudoLD	= 199,
    PseudoLH	= 200,
    PseudoLHU	= 201,
    PseudoLI	= 202,
    PseudoLLA	= 203,
    PseudoLW	= 204,
    PseudoLWU	= 205,
    PseudoMaskedAtomicLoadAdd32	= 206,
    PseudoMaskedAtomicLoadMax32	= 207,
    PseudoMaskedAtomicLoadMin32	= 208,
    PseudoMaskedAtomicLoadNand32	= 209,
    PseudoMaskedAtomicLoadSub32	= 210,
    PseudoMaskedAtomicLoadUMax32	= 211,
    PseudoMaskedAtomicLoadUMin32	= 212,
    PseudoMaskedAtomicSwap32	= 213,
    PseudoMaskedCmpXchg32	= 214,
    PseudoRET	= 215,
    PseudoSB	= 216,
    PseudoSD	= 217,
    PseudoSH	= 218,
    PseudoSW	= 219,
    PseudoTAIL	= 220,
    PseudoTAILIndirect	= 221,
    ReadCycleWide	= 222,
    Select_FPR32_Using_CC_GPR	= 223,
    Select_FPR64_Using_CC_GPR	= 224,
    Select_GPR_Using_CC_GPR	= 225,
    SplitF64Pseudo	= 226,
    ADD	= 227,
    ADDI	= 228,
    ADDIW	= 229,
    ADDW	= 230,
    AMOADD_D	= 231,
    AMOADD_D_AQ	= 232,
    AMOADD_D_AQ_RL	= 233,
    AMOADD_D_RL	= 234,
    AMOADD_W	= 235,
    AMOADD_W_AQ	= 236,
    AMOADD_W_AQ_RL	= 237,
    AMOADD_W_RL	= 238,
    AMOAND_D	= 239,
    AMOAND_D_AQ	= 240,
    AMOAND_D_AQ_RL	= 241,
    AMOAND_D_RL	= 242,
    AMOAND_W	= 243,
    AMOAND_W_AQ	= 244,
    AMOAND_W_AQ_RL	= 245,
    AMOAND_W_RL	= 246,
    AMOMAXU_D	= 247,
    AMOMAXU_D_AQ	= 248,
    AMOMAXU_D_AQ_RL	= 249,
    AMOMAXU_D_RL	= 250,
    AMOMAXU_W	= 251,
    AMOMAXU_W_AQ	= 252,
    AMOMAXU_W_AQ_RL	= 253,
    AMOMAXU_W_RL	= 254,
    AMOMAX_D	= 255,
    AMOMAX_D_AQ	= 256,
    AMOMAX_D_AQ_RL	= 257,
    AMOMAX_D_RL	= 258,
    AMOMAX_W	= 259,
    AMOMAX_W_AQ	= 260,
    AMOMAX_W_AQ_RL	= 261,
    AMOMAX_W_RL	= 262,
    AMOMINU_D	= 263,
    AMOMINU_D_AQ	= 264,
    AMOMINU_D_AQ_RL	= 265,
    AMOMINU_D_RL	= 266,
    AMOMINU_W	= 267,
    AMOMINU_W_AQ	= 268,
    AMOMINU_W_AQ_RL	= 269,
    AMOMINU_W_RL	= 270,
    AMOMIN_D	= 271,
    AMOMIN_D_AQ	= 272,
    AMOMIN_D_AQ_RL	= 273,
    AMOMIN_D_RL	= 274,
    AMOMIN_W	= 275,
    AMOMIN_W_AQ	= 276,
    AMOMIN_W_AQ_RL	= 277,
    AMOMIN_W_RL	= 278,
    AMOOR_D	= 279,
    AMOOR_D_AQ	= 280,
    AMOOR_D_AQ_RL	= 281,
    AMOOR_D_RL	= 282,
    AMOOR_W	= 283,
    AMOOR_W_AQ	= 284,
    AMOOR_W_AQ_RL	= 285,
    AMOOR_W_RL	= 286,
    AMOSWAP_D	= 287,
    AMOSWAP_D_AQ	= 288,
    AMOSWAP_D_AQ_RL	= 289,
    AMOSWAP_D_RL	= 290,
    AMOSWAP_W	= 291,
    AMOSWAP_W_AQ	= 292,
    AMOSWAP_W_AQ_RL	= 293,
    AMOSWAP_W_RL	= 294,
    AMOXOR_D	= 295,
    AMOXOR_D_AQ	= 296,
    AMOXOR_D_AQ_RL	= 297,
    AMOXOR_D_RL	= 298,
    AMOXOR_W	= 299,
    AMOXOR_W_AQ	= 300,
    AMOXOR_W_AQ_RL	= 301,
    AMOXOR_W_RL	= 302,
    AND	= 303,
    ANDI	= 304,
    AUIPC	= 305,
    BEQ	= 306,
    BGE	= 307,
    BGEU	= 308,
    BLT	= 309,
    BLTU	= 310,
    BNE	= 311,
    CSRRC	= 312,
    CSRRCI	= 313,
    CSRRS	= 314,
    CSRRSI	= 315,
    CSRRW	= 316,
    CSRRWI	= 317,
    C_ADD	= 318,
    C_ADDI	= 319,
    C_ADDI16SP	= 320,
    C_ADDI4SPN	= 321,
    C_ADDIW	= 322,
    C_ADDI_HINT_IMM_ZERO	= 323,
    C_ADDI_HINT_X0	= 324,
    C_ADDI_NOP	= 325,
    C_ADDW	= 326,
    C_ADD_HINT	= 327,
    C_AND	= 328,
    C_ANDI	= 329,
    C_BEQZ	= 330,
    C_BNEZ	= 331,
    C_EBREAK	= 332,
    C_FLD	= 333,
    C_FLDSP	= 334,
    C_FLW	= 335,
    C_FLWSP	= 336,
    C_FSD	= 337,
    C_FSDSP	= 338,
    C_FSW	= 339,
    C_FSWSP	= 340,
    C_J	= 341,
    C_JAL	= 342,
    C_JALR	= 343,
    C_JR	= 344,
    C_LD	= 345,
    C_LDSP	= 346,
    C_LI	= 347,
    C_LI_HINT	= 348,
    C_LUI	= 349,
    C_LUI_HINT	= 350,
    C_LW	= 351,
    C_LWSP	= 352,
    C_MV	= 353,
    C_MV_HINT	= 354,
    C_NOP	= 355,
    C_NOP_HINT	= 356,
    C_OR	= 357,
    C_SD	= 358,
    C_SDSP	= 359,
    C_SLLI	= 360,
    C_SLLI64_HINT	= 361,
    C_SLLI_HINT	= 362,
    C_SRAI	= 363,
    C_SRAI64_HINT	= 364,
    C_SRLI	= 365,
    C_SRLI64_HINT	= 366,
    C_SUB	= 367,
    C_SUBW	= 368,
    C_SW	= 369,
    C_SWSP	= 370,
    C_UNIMP	= 371,
    C_XOR	= 372,
    DIV	= 373,
    DIVU	= 374,
    DIVUW	= 375,
    DIVW	= 376,
    EBREAK	= 377,
    ECALL	= 378,
    FADD_D	= 379,
    FADD_S	= 380,
    FCLASS_D	= 381,
    FCLASS_S	= 382,
    FCVT_D_L	= 383,
    FCVT_D_LU	= 384,
    FCVT_D_S	= 385,
    FCVT_D_W	= 386,
    FCVT_D_WU	= 387,
    FCVT_LU_D	= 388,
    FCVT_LU_S	= 389,
    FCVT_L_D	= 390,
    FCVT_L_S	= 391,
    FCVT_S_D	= 392,
    FCVT_S_L	= 393,
    FCVT_S_LU	= 394,
    FCVT_S_W	= 395,
    FCVT_S_WU	= 396,
    FCVT_WU_D	= 397,
    FCVT_WU_S	= 398,
    FCVT_W_D	= 399,
    FCVT_W_S	= 400,
    FDIV_D	= 401,
    FDIV_S	= 402,
    FENCE	= 403,
    FENCE_I	= 404,
    FENCE_TSO	= 405,
    FEQ_D	= 406,
    FEQ_S	= 407,
    FLD	= 408,
    FLE_D	= 409,
    FLE_S	= 410,
    FLT_D	= 411,
    FLT_S	= 412,
    FLW	= 413,
    FMADD_D	= 414,
    FMADD_S	= 415,
    FMAX_D	= 416,
    FMAX_S	= 417,
    FMIN_D	= 418,
    FMIN_S	= 419,
    FMSUB_D	= 420,
    FMSUB_S	= 421,
    FMUL_D	= 422,
    FMUL_S	= 423,
    FMV_D_X	= 424,
    FMV_W_X	= 425,
    FMV_X_D	= 426,
    FMV_X_W	= 427,
    FNMADD_D	= 428,
    FNMADD_S	= 429,
    FNMSUB_D	= 430,
    FNMSUB_S	= 431,
    FSD	= 432,
    FSGNJN_D	= 433,
    FSGNJN_S	= 434,
    FSGNJX_D	= 435,
    FSGNJX_S	= 436,
    FSGNJ_D	= 437,
    FSGNJ_S	= 438,
    FSQRT_D	= 439,
    FSQRT_S	= 440,
    FSUB_D	= 441,
    FSUB_S	= 442,
    FSW	= 443,
    JAL	= 444,
    JALR	= 445,
    LB	= 446,
    LBU	= 447,
    LD	= 448,
    LH	= 449,
    LHU	= 450,
    LR_D	= 451,
    LR_D_AQ	= 452,
    LR_D_AQ_RL	= 453,
    LR_D_RL	= 454,
    LR_W	= 455,
    LR_W_AQ	= 456,
    LR_W_AQ_RL	= 457,
    LR_W_RL	= 458,
    LUI	= 459,
    LW	= 460,
    LWU	= 461,
    MRET	= 462,
    MUL	= 463,
    MULH	= 464,
    MULHSU	= 465,
    MULHU	= 466,
    MULW	= 467,
    OR	= 468,
    ORI	= 469,
    REM	= 470,
    REMU	= 471,
    REMUW	= 472,
    REMW	= 473,
    SB	= 474,
    SC_D	= 475,
    SC_D_AQ	= 476,
    SC_D_AQ_RL	= 477,
    SC_D_RL	= 478,
    SC_W	= 479,
    SC_W_AQ	= 480,
    SC_W_AQ_RL	= 481,
    SC_W_RL	= 482,
    SD	= 483,
    SFENCE_VMA	= 484,
    SH	= 485,
    SLL	= 486,
    SLLI	= 487,
    SLLIW	= 488,
    SLLW	= 489,
    SLT	= 490,
    SLTI	= 491,
    SLTIU	= 492,
    SLTU	= 493,
    SRA	= 494,
    SRAI	= 495,
    SRAIW	= 496,
    SRAW	= 497,
    SRET	= 498,
    SRL	= 499,
    SRLI	= 500,
    SRLIW	= 501,
    SRLW	= 502,
    SUB	= 503,
    SUBW	= 504,
    SW	= 505,
    UNIMP	= 506,
    URET	= 507,
    WFI	= 508,
    XOR	= 509,
    XORI	= 510,
    INSTRUCTION_LIST_END = 511